Workbook

Sheet Detalle de Costos
D3: Costos por paquete de trabajo
A6: Segmentación de mercado para Targeting
A7: SMT - 2026 - 1 | B7: Paquete de Trabajo
A8: Semanas | C8: 1 | D8: 2 | E8: 3 | F8: 4 | G8: 5 | H8: 6 | I8: 7 | J8: 8 | K8: 9 | L8: 10 | M8: 11 | N8: 12
A9: Preparación y Exploración Inicial de Datos
A10: 1.1 | B10: Configuración del Entorno y Kick-off | C10: 0
A11: 1.1.1 | B11: Reunión de planificación del Sprint 1 | C11: 800
A12: 1.1.2 | B12: Configuración de herramientas colaborativas | C12: 1200
A13: 1.1.3 | B13: Verificación de acceso a recursos | C13: 1000
A14: 1.1.4 | B14: Documentación de autorizaciones institucionales | C14: 1500
A15: 1.2 | B15: Comprensión del Contexto del Negocio y los Datos
A16: 1.2.1 | B16: Análisis del problema de negocio | C16: 1800
A17: 1.2.2 | B17: Definición de segmento desde perspectiva de negocio | C17: 1700
A18: 1.2.3 | B18: Elaboración de diccionario de datos | C18: 2000
A19: 1.3 | B19: Carga y Exploración Estructural de Datos
A20: 1.3.1 | B20: Configuración del notebook en Google Colab | C20: 1500
A21: 1.3.2 | B21: Exploración inicial de la estructura | D21: 2000
A22: 1.3.3 | B22: Identificación de valores nulos y duplicados | D22: 2000
A23: 1.3.4 | B23: Estadísticos descriptivos básicos | D23: 2000
A24: 1.4 | B24: Documentación y Cierre del Sprint 1
A25: 1.4.1 | B25: Limpieza y comentarios del notebook | D25: 3000
A26: 1.4.2 | B26: Elaboración de reporte de avance | D26: 3500
A27: 1.4.3 | B27: Actualización de bitácora y tablero Kanban | D27: 2000
A28: 1.4.4 | B28: Reunión de revisión preliminar con profesor | D28: 4000
A29: EDA Completo, Determinación de Clusters e Inicio de Modelado
A30: 2.1 | B30: Análisis Univariado con Visualizaciones
A31: 2.1.1 | B31: Análisis de variable Gender | E31: 2000
A32: 2.1.2 | B32: Análisis de variable Age | E32: 2500
A33: 2.1.3 | B33: Análisis de variable Annual Income | E33: 2500
A34: 2.1.4 | B34: Análisis de variable Spending Score | E34: 2000
A35: 2.2 | B35: Análisis Bivariado y Correlaciones
A36: 2.2.1 | B36: Creación de matriz de correlación | E36: 2500
A37: 2.2.2 | B37: Heatmap visual de correlaciones | E37: 2500
A38: 2.2.3 | B38: Scatter plots de relaciones clave | F38: 3000
A39: 2.2.4 | B39: Identificación de variables clave | F39: 2000
A40: 2.3 | B40: Determinación del Número Óptimo de Clusters
A41: 2.3.1 | B41: Método del codo (Elbow) | F41: 3000
A42: 2.3.2 | B42: Silhouette Score | F42: 3000
A43: 2.3.3 | B43: Validación cualitativa del equipo | F43: 3000
A44: 2.4 | B44: Preparación de Datos para Modelado
A45: 2.4.1 | B45: Normalización de variables numéricas | F45: 2000
A46: 2.4.2 | B46: Codificación de variable categórica | F46: 2000
A47: 2.4.3 | B47: Validación de dataset final | F47: 2000
A48: 2.5 | B48: Implementación Inicial de K-Means
A49: 2.5.1 | B49: Configuración de parámetros K-Means | F49: 2500
A50: 2.5.2 | B50: Entrenamiento del modelo K-Means | F50: 2500
A51: 2.5.3 | B51: Asignación de clusters a clientes | F51: 2000
A52: 2.6 | B52: Documentación y Cierre del Sprint 2 (Hito 1)
A53: 2.6.1 | B53: Limpieza y comentarios del notebook | F53: 800
A54: 2.6.2 | B54: Elaboración de reporte de avance | F54: 1000
A55: 2.6.3 | B55: Preparar reportes finales correspondientes al sprint | F55: 800
A56: 2.6.4 | B56: Actualizar repositorio institucional | F56: 700
A57: 2.6.5 | B57: Reunión de revisión Hito 1 | F57: 700
A58: Implementación de Modelos de Clustering
A59: 3.1 | B59: Optimización de K-Means
A60: 3.1.1 | B60: Ajuste de hiperparámetros | G60: 6000
A61: 3.1.2 | B61: Validación de estabilidad del modelo | G61: 6000
A62: 3.1.3 | B62: Documentación de configuración final | G62: 6000
A63: 3.2 | B63: Implementación de Clustering Jerárquico
A64: 3.2.1 | B64: Configuración de linkage y métrica | G64: 7000
A65: 3.2.2 | B65: Generación de dendrograma | G65: 8000
A66: 3.2.3 | B66: Corte del dendrograma y asignación | H66: 7000
A67: 3.3 | B67: Evaluación Comparativa de Modelos
A68: 3.3.1 | B68: Cálculo de inercia por modelo | H68: 6000
A69: 3.3.2 | B69: Visualización de clusters en 2D | H69: 7000
A70: 3.3.3 | B70: Documentación de hallazgos comparativos | H70: 5000
A71: 3.4 | B71: Documentación y Cierre del Sprint 3
A72: 3.4.1 | B72: Limpieza y comentarios del notebook | H72: 5000
A73: 3.4.2 | B73: Elaboración de reporte de avance | H73: 6000
A74: 3.4.3 | B74: Actualización de bitácora y tablero Kanban | H74: 6000
A75: Implementación de Modelos de Clustering - Fase 2 y Validación
A76: 4.1 | B76: Implementación de DBSCAN
A77: 4.1.1 | B77: Configuración de parámetros eps y min_samples | I77: 7000
A78: 4.1.2 | B78: Entrenamiento del modelo DBSCAN | I78: 7000
A79: 4.1.3 | B79: Visualización de resultados DBSCAN | I79: 6000
A80: 4.2 | B80: Validación Exhaustiva de Modelos
A81: 4.2.1 | B81: Cálculo de Silhouette Score por modelo | I81: 8000
A82: 4.2.2 | B82: Cálculo de Davies-Bouldin Index | I82: 8000
A83: 4.2.3 | B83: Cálculo de Calinski-Harabasz Score | J83: 7000
A84: 4.3 | B84: Selección del Modelo Óptimo
A85: 4.3.1 | B85: Matriz de decisión de modelos | J85: 6000
A86: 4.3.2 | B86: Validación cualitativa con equipo | J86: 6000
A87: 4.3.3 | B87: Documentación de justificación | J87: 5000
A88: 4.4 | B88: Documentación y Cierre del Sprint 4 (Hito 2)
A89: 4.4.1 | B89: Consolidar hallazgos de modelado | J89: 4000
A90: 4.4.2 | B90: Preparar presentación para profesor | J90: 4000
A91: 4.4.3 | B91: Actualizar repositorio institucional | J91: 3000
A92: 4.4.4 | B92: Reunión de revisión Hito 2 | J92: 3000
A93: 4.4.5 | B93: Planificación preliminar del Sprint 5 | J93: 1000
A94: Perfiles Detallados de Segmentos y Sizing
A95: 5.1 | B95: Caracterización Demográfica por Segmento
A96: 5.1.1 | B96: Distribución de edad por segmento | K96: 4000
A97: 5.1.2 | B97: Distribución de género por segmento | K97: 4000
A98: 5.1.3 | B98: Nivel de ingresos por segmento | K98: 4000
A99: 5.2 | B99: Caracterización de Comportamiento de Compra
A100: 5.2.1 | B100: Spending Score por segmento | K100: 4000
A101: 5.2.2 | B101: Patrones de compra identificados | K101: 4000
A102: 5.2.3 | B102: Segmentación cruzada | L102: 3000
A103: 5.3 | B103: Sizing y Dimensionamiento de Mercado
A104: 5.3.1 | B104: Tamaño absoluto por segmento | L104: 3500
...

Sheet Plantilla Curva S
C7: Curva S de Recursos
C9: Proyecto: | D9: Nombre del Proyecto
C10: ID: | D10: Código identificador del proyecto.
C11: Fecha de Inicio | D11: 46069 | F11: Fecha Fin: | H11: 46150 | K11: Fecha de Corte: | M11: 46094
D13: Semana
D14: 1 | E14: 2 | F14: 3 | G14: 4 | H14: 5 | I14: 6 | J14: 7 | K14: 8 | L14: 9 | M14: 10 | N14: 11 | O14: 12
C15: Valor Planificado | D15: ='Detalle de Costos'!C137 -> 11500 | E15: ='Detalle de Costos'!D137 -> 18500 | F15: ='Detalle de Costos'!E137 -> 14000 | G15: ='Detalle de Costos'!F137 -> 31000 | H15: ='Detalle de Costos'!G137 -> 33000 | I15: ='Detalle de Costos'!H137 -> 42000 | J15: ='Detalle de Costos'!I137 -> 36000 | K15: ='Detalle de Costos'!J137 -> 39000 | ... O15: ='Detalle de Costos'!N137 -> 19000
C16: Valor Planificado Acumulado | D16: =D15 -> 11500 | E16: =E15+D16 -> 30000 | F16: =F15+E16 -> 44000 | G16: =G15+F16 -> 75000 | H16: =H15+G16 -> 108000 | I16: =I15+H16 -> 150000 | J16: =J15+I16 -> 186000 | K16: =K15+J16 -> 225000 | L16: =L15+K16 -> 245000 | ... O16: =O15+N16 -> 300000
C17: Costo Real | D17: 8000 | E17: 12000 | F17: 18000 | G17: 25000
C18: Costo Real Acumulado | D18: =D17 -> 8000 | E18: =D17+E17 -> 20000 | F18: =E17+F17 -> 30000 | G18: =F17+G17 -> 43000
